time,v2
9000,-0.20535714285714324
9001,-0.20535714285714324
9002,-0.2142857142857153
9003,-0.2142857142857153
9004,-0.20535714285714324
9005,-0.2142857142857153
9006,-0.22321428571428648
9007,-0.23214285714285765
9008,-0.22321428571428648
9009,-0.1875000000000009
9010,-0.17857142857142883
9011,-0.17857142857142883
9012,-0.19642857142857206
9013,-0.22321428571428648
9014,-0.2142857142857153
9015,-0.20535714285714324
9016,-0.19642857142857206
9017,-0.16964285714285765
9018,-0.17857142857142883
9019,-0.19642857142857206
9020,-0.19642857142857206
9021,-0.19642857142857206
9022,-0.1875000000000009
9023,-0.19642857142857206
9024,-0.1875000000000009
9025,-0.20535714285714324
9026,-0.20535714285714324
9027,-0.17857142857142883
9028,-0.17857142857142883
9029,-0.1875000000000009
9030,-0.19642857142857206
9031,-0.23214285714285765
9032,-0.2142857142857153
9033,-0.1875000000000009
9034,-0.16071428571428648
9035,-0.16071428571428648
9036,-0.1875000000000009
9037,-0.19642857142857206
9038,-0.20535714285714324
9039,-0.20535714285714324
9040,-0.19642857142857206
9041,-0.19642857142857206
9042,-0.19642857142857206
9043,-0.19642857142857206
9044,-0.16964285714285765
9045,-0.16964285714285765
9046,-0.16071428571428648
9047,-0.16071428571428648
9048,-0.17857142857142883
9049,-0.1875000000000009
9050,-0.1875000000000009
9051,-0.17857142857142883
9052,-0.17857142857142883
9053,-0.17857142857142883
9054,-0.17857142857142883
9055,-0.1875000000000009
9056,-0.1875000000000009
9057,-0.16964285714285765
9058,-0.17857142857142883
9059,-0.17857142857142883
9060,-0.17857142857142883
9061,-0.17857142857142883
9062,-0.1517857142857153
9063,-0.1517857142857153
9064,-0.1517857142857153
9065,-0.16964285714285765
9066,-0.17857142857142883
9067,-0.20535714285714324
9068,-0.1875000000000009
9069,-0.16964285714285765
9070,-0.1517857142857153
9071,-0.16071428571428648
9072,-0.16071428571428648
9073,-0.17857142857142883
9074,-0.17857142857142883
9075,-0.16964285714285765
9076,-0.1517857142857153
9077,-0.14285714285714324
9078,-0.16071428571428648
9079,-0.16964285714285765
9080,-0.1517857142857153
9081,-0.14285714285714324
9082,-0.1517857142857153
9083,-0.16071428571428648
9084,-0.16964285714285765
9085,-0.16071428571428648
9086,-0.14285714285714324
9087,-0.1517857142857153
9088,-0.16071428571428648
9089,-0.17857142857142883
9090,-0.17857142857142883
9091,-0.17857142857142883
9092,-0.1517857142857153
9093,-0.13392857142857206
9094,-0.13392857142857206
9095,-0.13392857142857206
9096,-0.14285714285714324
9097,-0.14285714285714324
9098,-0.1250000000000009
9099,-0.10714285714285765
9100,-0.09821428571428648
9101,-0.09821428571428648
9102,-0.09821428571428648
9103,-0.09821428571428648
9104,-0.07142857142857206
9105,-0.04464285714285765
9106,-0.017857142857143238
9107,-0.017857142857143238
9108,-0.017857142857143238
9109,-8.881784197001252e-16
9110,0.01785714285714235
9111,0.026785714285713524
9112,0.008928571428571175
9113,0.01785714285714235
9114,0.01785714285714235
9115,0.01785714285714235
9116,0.04464285714285676
9117,0.06249999999999911
9118,0.05357142857142794
9119,-8.881784197001252e-16
9120,-0.06250000000000089
9121,-0.1250000000000009
9122,-0.11607142857142883
9123,-0.09821428571428648
9124,-0.11607142857142883
9125,-0.17857142857142883
9126,-0.2142857142857153
9127,-0.22321428571428648
9128,-0.19642857142857206
9129,-0.17857142857142883
9130,-0.17857142857142883
9131,-0.1875000000000009
9132,-0.20535714285714324
9133,-0.2142857142857153
9134,-0.22321428571428648
9135,-0.2142857142857153
9136,-0.2142857142857153
9137,-0.2142857142857153
9138,-0.2142857142857153
9139,-0.23214285714285765
9140,-0.2142857142857153
9141,-0.2142857142857153
9142,-0.20535714285714324
9143,-0.20535714285714324
9144,-0.20535714285714324
9145,-0.20535714285714324
9146,-0.19642857142857206
9147,-0.19642857142857206
9148,-0.19642857142857206
9149,-0.19642857142857206
9150,-0.20535714285714324
9151,-0.20535714285714324
9152,-0.2142857142857153
9153,-0.2142857142857153
9154,-0.2142857142857153
9155,-0.20535714285714324
9156,-0.2142857142857153
9157,-0.2142857142857153
9158,-0.2142857142857153
9159,-0.2142857142857153
9160,-0.19642857142857206
9161,-0.19642857142857206
9162,-0.19642857142857206
9163,-0.2142857142857153
9164,-0.19642857142857206
9165,-0.19642857142857206
9166,-0.1875000000000009
9167,-0.20535714285714324
9168,-0.23214285714285765
9169,-0.2500000000000009
9170,-0.22321428571428648
9171,-0.19642857142857206
9172,-0.1517857142857153
9173,-0.13392857142857206
9174,-0.1250000000000009
9175,-0.13392857142857206
9176,-0.17857142857142883
9177,-0.24107142857142883
9178,-0.29464285714285765
9179,-0.33035714285714324
9180,-0.3392857142857153
9181,-0.3660714285714288
9182,-0.35714285714285765
9183,-0.35714285714285765
9184,-0.38392857142857206
9185,-0.41964285714285765
9186,-0.44642857142857206
9187,-0.48214285714285765
9188,-0.5089285714285721
9189,-0.5267857142857153
9190,-0.5714285714285721
9191,-0.6250000000000004
9192,-0.6696428571428577
9193,-0.7142857142857149
9194,-0.7232142857142865
9195,-0.7232142857142865
9196,-0.7053571428571437
9197,-0.6875000000000004
9198,-0.6696428571428577
9199,-0.6607142857142865
9200,-0.6160714285714293
9201,-0.5446428571428577
9202,-0.4642857142857153
9203,-0.4017857142857153
9204,-0.38392857142857206
9205,-0.35714285714285765
9206,-0.33035714285714324
9207,-0.26785714285714324
9208,-0.2142857142857153
9209,-0.1875000000000009
9210,-0.1875000000000009
9211,-0.1875000000000009
9212,-0.16964285714285765
9213,-0.16071428571428648
9214,-0.1517857142857153
9215,-0.16071428571428648
9216,-0.16071428571428648
9217,-0.1517857142857153
9218,-0.14285714285714324
9219,-0.14285714285714324
9220,-0.1250000000000009
9221,-0.13392857142857206
9222,-0.14285714285714324
9223,-0.13392857142857206
9224,-0.10714285714285765
9225,-0.10714285714285765
9226,-0.09821428571428648
9227,-0.10714285714285765
9228,-0.1250000000000009
9229,-0.14285714285714324
9230,-0.14285714285714324
9231,-0.1250000000000009
9232,-0.10714285714285765
9233,-0.10714285714285765
9234,-0.11607142857142883
9235,-0.1250000000000009
9236,-0.1250000000000009
9237,-0.1250000000000009
9238,-0.10714285714285765
9239,-0.10714285714285765
9240,-0.11607142857142883
9241,-0.11607142857142883
9242,-0.09821428571428648
9243,-0.0892857142857153
9244,-0.09821428571428648
9245,-0.0892857142857153
9246,-0.09821428571428648
9247,-0.09821428571428648
9248,-0.0892857142857153
9249,-0.0892857142857153
9250,-0.08035714285714324
9251,-0.0892857142857153
9252,-0.10714285714285765
9253,-0.11607142857142883
9254,-0.11607142857142883
9255,-0.10714285714285765
9256,-0.0892857142857153
9257,-0.08035714285714324
9258,-0.07142857142857206
9259,-0.06250000000000089
9260,-0.06250000000000089
9261,-0.06250000000000089
9262,-0.06250000000000089
9263,-0.06250000000000089
9264,-0.06250000000000089
9265,-0.06250000000000089
9266,-0.04464285714285765
9267,-0.04464285714285765
9268,-0.035714285714286476
9269,-0.04464285714285765
9270,-0.04464285714285765
9271,-0.053571428571428825
9272,-0.053571428571428825
9273,-0.035714285714286476
9274,-0.0267857142857153
9275,-0.035714285714286476
9276,-0.04464285714285765
9277,-0.053571428571428825
9278,-0.035714285714286476
9279,-0.008928571428572063
9280,-8.881784197001252e-16
9281,-8.881784197001252e-16
9282,-0.008928571428572063
9283,-0.0267857142857153
9284,-0.008928571428572063
9285,-0.008928571428572063
9286,-0.008928571428572063
9287,-0.008928571428572063
9288,-0.017857142857143238
9289,-0.017857142857143238
9290,-8.881784197001252e-16
9291,-0.017857142857143238
9292,-0.017857142857143238
9293,-0.017857142857143238
9294,-0.035714285714286476
9295,-0.04464285714285765
9296,-0.053571428571428825
9297,-0.04464285714285765
9298,-0.053571428571428825
9299,-0.06250000000000089
9300,-0.08035714285714324
9301,-0.08035714285714324
9302,-0.06250000000000089
9303,-0.04464285714285765
9304,-0.053571428571428825
9305,-0.08035714285714324
9306,-0.09821428571428648
9307,-0.0892857142857153
9308,-0.08035714285714324
9309,-0.07142857142857206
9310,-0.08035714285714324
9311,-0.09821428571428648
9312,-0.11607142857142883
9313,-0.1250000000000009
9314,-0.1250000000000009
9315,-0.11607142857142883
9316,-0.1250000000000009
9317,-0.13392857142857206
9318,-0.13392857142857206
9319,-0.14285714285714324
9320,-0.14285714285714324
9321,-0.1250000000000009
9322,-0.1250000000000009
9323,-0.1250000000000009
9324,-0.14285714285714324
9325,-0.14285714285714324
9326,-0.13392857142857206
9327,-0.1250000000000009
9328,-0.1250000000000009
9329,-0.14285714285714324
9330,-0.1517857142857153
9331,-0.14285714285714324
9332,-0.14285714285714324
9333,-0.1250000000000009
9334,-0.13392857142857206
9335,-0.16071428571428648
9336,-0.16071428571428648
9337,-0.16071428571428648
9338,-0.14285714285714324
9339,-0.13392857142857206
9340,-0.13392857142857206
9341,-0.13392857142857206
9342,-0.16071428571428648
9343,-0.14285714285714324
9344,-0.16071428571428648
9345,-0.1517857142857153
9346,-0.13392857142857206
9347,-0.13392857142857206
9348,-0.14285714285714324
9349,-0.16071428571428648
9350,-0.1517857142857153
9351,-0.14285714285714324
9352,-0.14285714285714324
9353,-0.16071428571428648
9354,-0.16964285714285765
9355,-0.19642857142857206
9356,-0.17857142857142883
9357,-0.16964285714285765
9358,-0.16071428571428648
9359,-0.14285714285714324
9360,-0.1517857142857153
9361,-0.16964285714285765
9362,-0.16964285714285765
9363,-0.1517857142857153
9364,-0.1517857142857153
9365,-0.16071428571428648
9366,-0.17857142857142883
9367,-0.1875000000000009
9368,-0.19642857142857206
9369,-0.17857142857142883
9370,-0.16964285714285765
9371,-0.17857142857142883
9372,-0.1875000000000009
9373,-0.20535714285714324
9374,-0.20535714285714324
9375,-0.20535714285714324
9376,-0.19642857142857206
9377,-0.20535714285714324
9378,-0.2142857142857153
9379,-0.24107142857142883
9380,-0.23214285714285765
9381,-0.22321428571428648
9382,-0.19642857142857206
9383,-0.22321428571428648
9384,-0.24107142857142883
9385,-0.2500000000000009
9386,-0.2142857142857153
9387,-0.19642857142857206
9388,-0.19642857142857206
9389,-0.19642857142857206
9390,-0.20535714285714324
9391,-0.2142857142857153
9392,-0.2142857142857153
9393,-0.20535714285714324
9394,-0.19642857142857206
9395,-0.20535714285714324
9396,-0.2142857142857153
9397,-0.2142857142857153
9398,-0.20535714285714324
9399,-0.20535714285714324
9400,-0.20535714285714324
9401,-0.2142857142857153
9402,-0.20535714285714324
9403,-0.2142857142857153
9404,-0.20535714285714324
9405,-0.19642857142857206
9406,-0.1875000000000009
9407,-0.19642857142857206
9408,-0.19642857142857206
9409,-0.20535714285714324
9410,-0.2142857142857153
9411,-0.19642857142857206
9412,-0.19642857142857206
9413,-0.1875000000000009
9414,-0.20535714285714324
9415,-0.2142857142857153
9416,-0.20535714285714324
9417,-0.19642857142857206
9418,-0.20535714285714324
9419,-0.20535714285714324
9420,-0.19642857142857206
9421,-0.19642857142857206
9422,-0.19642857142857206
9423,-0.19642857142857206
9424,-0.17857142857142883
9425,-0.1517857142857153
9426,-0.16071428571428648
9427,-0.16071428571428648
9428,-0.16964285714285765
9429,-0.16071428571428648
9430,-0.16071428571428648
9431,-0.17857142857142883
9432,-0.1875000000000009
9433,-0.19642857142857206
9434,-0.17857142857142883
9435,-0.16071428571428648
9436,-0.16071428571428648
9437,-0.1875000000000009
9438,-0.1875000000000009
9439,-0.1875000000000009
9440,-0.1875000000000009
9441,-0.16964285714285765
9442,-0.17857142857142883
9443,-0.19642857142857206
9444,-0.19642857142857206
9445,-0.20535714285714324
9446,-0.1875000000000009
9447,-0.16964285714285765
9448,-0.1517857142857153
9449,-0.16964285714285765
9450,-0.1875000000000009
9451,-0.17857142857142883
9452,-0.16964285714285765
9453,-0.16071428571428648
9454,-0.1517857142857153
9455,-0.16071428571428648
9456,-0.16964285714285765
9457,-0.17857142857142883
9458,-0.16964285714285765
9459,-0.17857142857142883
9460,-0.17857142857142883
9461,-0.17857142857142883
9462,-0.17857142857142883
9463,-0.1875000000000009
9464,-0.17857142857142883
9465,-0.17857142857142883
9466,-0.16964285714285765
9467,-0.17857142857142883
9468,-0.1875000000000009
9469,-0.19642857142857206
9470,-0.1875000000000009
9471,-0.17857142857142883
9472,-0.1875000000000009
9473,-0.17857142857142883
9474,-0.17857142857142883
9475,-0.1875000000000009
9476,-0.1875000000000009
9477,-0.17857142857142883
9478,-0.16964285714285765
9479,-0.16071428571428648
9480,-0.16071428571428648
9481,-0.16964285714285765
9482,-0.1517857142857153
9483,-0.14285714285714324
9484,-0.1250000000000009
9485,-0.13392857142857206
9486,-0.13392857142857206
9487,-0.14285714285714324
9488,-0.13392857142857206
9489,-0.13392857142857206
9490,-0.09821428571428648
9491,-0.06250000000000089
9492,-0.053571428571428825
9493,-0.053571428571428825
9494,-0.017857142857143238
9495,0.008928571428571175
9496,0.008928571428571175
9497,0.008928571428571175
9498,-8.881784197001252e-16
9499,-8.881784197001252e-16
9500,-8.881784197001252e-16
9501,0.01785714285714235
9502,0.01785714285714235
9503,0.026785714285713524
9504,0.01785714285714235
9505,0.026785714285713524
9506,0.01785714285714235
9507,0.008928571428571175
9508,-0.035714285714286476
9509,-0.08035714285714324
9510,-0.10714285714285765
9511,-0.14285714285714324
9512,-0.16964285714285765
9513,-0.17857142857142883
9514,-0.20535714285714324
9515,-0.22321428571428648
9516,-0.23214285714285765
9517,-0.23214285714285765
9518,-0.20535714285714324
9519,-0.19642857142857206
9520,-0.1875000000000009
9521,-0.20535714285714324
9522,-0.2142857142857153
9523,-0.22321428571428648
9524,-0.2142857142857153
9525,-0.2142857142857153
9526,-0.2142857142857153
9527,-0.20535714285714324
9528,-0.2142857142857153
9529,-0.22321428571428648
9530,-0.2142857142857153
9531,-0.2142857142857153
9532,-0.22321428571428648
9533,-0.23214285714285765
9534,-0.22321428571428648
9535,-0.22321428571428648
9536,-0.20535714285714324
9537,-0.19642857142857206
9538,-0.19642857142857206
9539,-0.2142857142857153
9540,-0.22321428571428648
9541,-0.22321428571428648
9542,-0.23214285714285765
9543,-0.22321428571428648
9544,-0.22321428571428648
9545,-0.22321428571428648
9546,-0.2142857142857153
9547,-0.2142857142857153
9548,-0.20535714285714324
9549,-0.19642857142857206
9550,-0.1875000000000009
9551,-0.19642857142857206
9552,-0.19642857142857206
9553,-0.2142857142857153
9554,-0.22321428571428648
9555,-0.22321428571428648
9556,-0.23214285714285765
9557,-0.25892857142857206
9558,-0.2500000000000009
9559,-0.23214285714285765
9560,-0.19642857142857206
9561,-0.1875000000000009
9562,-0.17857142857142883
9563,-0.16964285714285765
9564,-0.1875000000000009
9565,-0.2500000000000009
9566,-0.32142857142857206
9567,-0.3482142857142865
9568,-0.38392857142857206
9569,-0.38392857142857206
9570,-0.4017857142857153
9571,-0.3750000000000009
9572,-0.3660714285714288
9573,-0.39285714285714324
9574,-0.44642857142857206
9575,-0.5000000000000009
9576,-0.5535714285714293
9577,-0.5982142857142865
9578,-0.6250000000000004
9579,-0.6250000000000004
9580,-0.6250000000000004
9581,-0.6517857142857149
9582,-0.6785714285714293
9583,-0.7232142857142865
9584,-0.7321428571428577
9585,-0.7142857142857149
9586,-0.6964285714285721
9587,-0.6696428571428577
9588,-0.6607142857142865
9589,-0.6428571428571437
9590,-0.5892857142857149
9591,-0.5089285714285721
9592,-0.44642857142857206
9593,-0.39285714285714324
9594,-0.3660714285714288
9595,-0.3482142857142865
9596,-0.3125000000000009
9597,-0.25892857142857206
9598,-0.22321428571428648
9599,-0.2142857142857153
9600,-0.19642857142857206
9601,-0.19642857142857206
9602,-0.17857142857142883
9603,-0.16964285714285765
9604,-0.1517857142857153
9605,-0.1517857142857153
9606,-0.16071428571428648
9607,-0.16071428571428648
9608,-0.16964285714285765
9609,-0.1517857142857153
9610,-0.14285714285714324
9611,-0.1250000000000009
9612,-0.11607142857142883
9613,-0.1250000000000009
9614,-0.1250000000000009
9615,-0.1250000000000009
9616,-0.1250000000000009
9617,-0.13392857142857206
9618,-0.1250000000000009
9619,-0.1250000000000009
9620,-0.1250000000000009
9621,-0.11607142857142883
9622,-0.13392857142857206
9623,-0.13392857142857206
9624,-0.14285714285714324
9625,-0.14285714285714324
9626,-0.13392857142857206
9627,-0.1250000000000009
9628,-0.11607142857142883
9629,-0.1250000000000009
9630,-0.13392857142857206
9631,-0.1250000000000009
9632,-0.1250000000000009
9633,-0.11607142857142883
9634,-0.11607142857142883
9635,-0.10714285714285765
9636,-0.09821428571428648
9637,-0.10714285714285765
9638,-0.09821428571428648
9639,-0.09821428571428648
9640,-0.10714285714285765
9641,-0.10714285714285765
9642,-0.11607142857142883
9643,-0.11607142857142883
9644,-0.07142857142857206
9645,-0.06250000000000089
9646,-0.08035714285714324
9647,-0.0892857142857153
9648,-0.07142857142857206
9649,-0.04464285714285765
9650,-0.035714285714286476
9651,-0.035714285714286476
9652,-0.035714285714286476
9653,-0.053571428571428825
9654,-0.053571428571428825
9655,-0.053571428571428825
9656,-0.053571428571428825
9657,-0.035714285714286476
9658,-0.0267857142857153
9659,-0.035714285714286476
9660,-0.035714285714286476
9661,-0.053571428571428825
9662,-0.035714285714286476
9663,-0.017857142857143238
9664,-8.881784197001252e-16
9665,0.026785714285713524
9666,0.01785714285714235
9667,-8.881784197001252e-16
9668,-8.881784197001252e-16
9669,0.008928571428571175
9670,-8.881784197001252e-16
9671,-0.008928571428572063
9672,-0.04464285714285765
9673,-0.035714285714286476
9674,-0.008928571428572063
9675,0.01785714285714235
9676,-0.017857142857143238
9677,-0.035714285714286476
9678,-0.06250000000000089
9679,-0.06250000000000089
9680,-0.06250000000000089
9681,-0.053571428571428825
9682,-0.06250000000000089
9683,-0.07142857142857206
9684,-0.0892857142857153
9685,-0.10714285714285765
9686,-0.09821428571428648
9687,-0.08035714285714324
9688,-0.0892857142857153
9689,-0.09821428571428648
9690,-0.1250000000000009
9691,-0.1250000000000009
9692,-0.13392857142857206
9693,-0.11607142857142883
9694,-0.10714285714285765
9695,-0.10714285714285765
9696,-0.1250000000000009
9697,-0.13392857142857206
9698,-0.14285714285714324
9699,-0.13392857142857206
9700,-0.1517857142857153
9701,-0.16964285714285765
9702,-0.16964285714285765
9703,-0.16071428571428648
9704,-0.16071428571428648
9705,-0.1517857142857153
9706,-0.1517857142857153
9707,-0.17857142857142883
9708,-0.17857142857142883
9709,-0.16964285714285765
9710,-0.14285714285714324
9711,-0.14285714285714324
9712,-0.16071428571428648
9713,-0.16071428571428648
9714,-0.16964285714285765
9715,-0.17857142857142883
9716,-0.17857142857142883
9717,-0.17857142857142883
9718,-0.19642857142857206
9719,-0.20535714285714324
9720,-0.20535714285714324
9721,-0.17857142857142883
9722,-0.1517857142857153
9723,-0.16964285714285765
9724,-0.1875000000000009
9725,-0.20535714285714324
9726,-0.17857142857142883
9727,-0.16964285714285765
9728,-0.16071428571428648
9729,-0.1517857142857153
9730,-0.13392857142857206
9731,-0.16071428571428648
9732,-0.1875000000000009
9733,-0.17857142857142883
9734,-0.17857142857142883
9735,-0.17857142857142883
9736,-0.17857142857142883
9737,-0.17857142857142883
9738,-0.19642857142857206
9739,-0.19642857142857206
9740,-0.19642857142857206
9741,-0.19642857142857206
9742,-0.19642857142857206
9743,-0.20535714285714324
9744,-0.20535714285714324
9745,-0.24107142857142883
9746,-0.24107142857142883
9747,-0.24107142857142883
9748,-0.24107142857142883
9749,-0.22321428571428648
9750,-0.20535714285714324
9751,-0.20535714285714324
9752,-0.20535714285714324
9753,-0.22321428571428648
9754,-0.23214285714285765
9755,-0.2500000000000009
9756,-0.26785714285714324
9757,-0.2857142857142865
9758,-0.26785714285714324
9759,-0.24107142857142883
9760,-0.22321428571428648
9761,-0.20535714285714324
9762,-0.23214285714285765
9763,-0.2500000000000009
9764,-0.26785714285714324
9765,-0.2500000000000009
9766,-0.2142857142857153
9767,-0.22321428571428648
9768,-0.23214285714285765
9769,-0.26785714285714324
9770,-0.2500000000000009
9771,-0.24107142857142883
9772,-0.24107142857142883
9773,-0.24107142857142883
9774,-0.25892857142857206
9775,-0.2767857142857153
9776,-0.26785714285714324
9777,-0.25892857142857206
9778,-0.2500000000000009
9779,-0.24107142857142883
9780,-0.25892857142857206
9781,-0.2500000000000009
9782,-0.2500000000000009
9783,-0.23214285714285765
9784,-0.24107142857142883
9785,-0.24107142857142883
9786,-0.25892857142857206
9787,-0.25892857142857206
9788,-0.26785714285714324
9789,-0.25892857142857206
9790,-0.2500000000000009
9791,-0.26785714285714324
9792,-0.26785714285714324
9793,-0.2500000000000009
9794,-0.22321428571428648
9795,-0.20535714285714324
9796,-0.2142857142857153
9797,-0.23214285714285765
9798,-0.23214285714285765
9799,-0.22321428571428648
9800,-0.22321428571428648
9801,-0.22321428571428648
9802,-0.23214285714285765
9803,-0.24107142857142883
9804,-0.24107142857142883
9805,-0.24107142857142883
9806,-0.2142857142857153
9807,-0.20535714285714324
9808,-0.22321428571428648
9809,-0.2500000000000009
9810,-0.25892857142857206
9811,-0.25892857142857206
9812,-0.24107142857142883
9813,-0.23214285714285765
9814,-0.2142857142857153
9815,-0.22321428571428648
9816,-0.22321428571428648
9817,-0.24107142857142883
9818,-0.24107142857142883
9819,-0.23214285714285765
9820,-0.22321428571428648
9821,-0.2500000000000009
9822,-0.2500000000000009
9823,-0.25892857142857206
9824,-0.24107142857142883
9825,-0.23214285714285765
9826,-0.23214285714285765
9827,-0.24107142857142883
9828,-0.26785714285714324
9829,-0.2767857142857153
9830,-0.2857142857142865
9831,-0.25892857142857206
9832,-0.23214285714285765
9833,-0.23214285714285765
9834,-0.2500000000000009
9835,-0.24107142857142883
9836,-0.19642857142857206
9837,-0.17857142857142883
9838,-0.19642857142857206
9839,-0.23214285714285765
9840,-0.26785714285714324
9841,-0.26785714285714324
9842,-0.2500000000000009
9843,-0.22321428571428648
9844,-0.22321428571428648
9845,-0.23214285714285765
9846,-0.23214285714285765
9847,-0.24107142857142883
9848,-0.23214285714285765
9849,-0.22321428571428648
9850,-0.2142857142857153
9851,-0.22321428571428648
9852,-0.22321428571428648
9853,-0.24107142857142883
9854,-0.23214285714285765
9855,-0.22321428571428648
9856,-0.2142857142857153
9857,-0.22321428571428648
9858,-0.23214285714285765
9859,-0.24107142857142883
9860,-0.24107142857142883
9861,-0.23214285714285765
9862,-0.23214285714285765
9863,-0.23214285714285765
9864,-0.23214285714285765
9865,-0.23214285714285765
9866,-0.2142857142857153
9867,-0.19642857142857206
9868,-0.17857142857142883
9869,-0.1875000000000009
9870,-0.1875000000000009
9871,-0.19642857142857206
9872,-0.17857142857142883
9873,-0.16071428571428648
9874,-0.14285714285714324
9875,-0.14285714285714324
9876,-0.16071428571428648
9877,-0.1517857142857153
9878,-0.11607142857142883
9879,-0.0892857142857153
9880,-0.07142857142857206
9881,-0.08035714285714324
9882,-0.08035714285714324
9883,-0.07142857142857206
9884,-0.04464285714285765
9885,-0.035714285714286476
9886,-0.035714285714286476
9887,-0.053571428571428825
9888,-0.053571428571428825
9889,-0.04464285714285765
9890,-0.0267857142857153
9891,-0.008928571428572063
9892,-0.0267857142857153
9893,-0.06250000000000089
9894,-0.10714285714285765
9895,-0.14285714285714324
9896,-0.1517857142857153
9897,-0.16964285714285765
9898,-0.2142857142857153
9899,-0.2767857142857153
9900,-0.2857142857142865
9901,-0.2767857142857153
9902,-0.2500000000000009
9903,-0.22321428571428648
9904,-0.23214285714285765
9905,-0.2500000000000009
9906,-0.25892857142857206
9907,-0.2767857142857153
9908,-0.2500000000000009
9909,-0.25892857142857206
9910,-0.25892857142857206
9911,-0.25892857142857206
9912,-0.2857142857142865
9913,-0.2857142857142865
9914,-0.26785714285714324
9915,-0.25892857142857206
9916,-0.25892857142857206
9917,-0.2767857142857153
9918,-0.2767857142857153
9919,-0.2767857142857153
9920,-0.25892857142857206
9921,-0.24107142857142883
9922,-0.2500000000000009
9923,-0.2500000000000009
9924,-0.25892857142857206
9925,-0.2767857142857153
9926,-0.2767857142857153
9927,-0.2767857142857153
9928,-0.26785714285714324
9929,-0.2767857142857153
9930,-0.29464285714285765
9931,-0.29464285714285765
9932,-0.2857142857142865
9933,-0.25892857142857206
9934,-0.2767857142857153
9935,-0.2857142857142865
9936,-0.3035714285714288
9937,-0.32142857142857206
9938,-0.3482142857142865
9939,-0.3392857142857153
9940,-0.26785714285714324
9941,-0.2142857142857153
9942,-0.23214285714285765
9943,-0.24107142857142883
9944,-0.2500000000000009
9945,-0.25892857142857206
9946,-0.32142857142857206
9947,-0.4017857142857153
9948,-0.4642857142857153
9949,-0.48214285714285765
9950,-0.48214285714285765
9951,-0.4732142857142865
9952,-0.48214285714285765
9953,-0.5089285714285721
9954,-0.5625000000000004
9955,-0.6071428571428577
9956,-0.6517857142857149
9957,-0.6696428571428577
9958,-0.6964285714285721
9959,-0.7500000000000004
9960,-0.8125000000000004
9961,-0.8482142857142865
9962,-0.8482142857142865
9963,-0.7946428571428577
9964,-0.7321428571428577
9965,-0.7142857142857149
9966,-0.7053571428571437
9967,-0.6696428571428577
9968,-0.6071428571428577
9969,-0.5267857142857153
9970,-0.4642857142857153
9971,-0.4285714285714288
9972,-0.4017857142857153
9973,-0.3482142857142865
9974,-0.29464285714285765
9975,-0.2500000000000009
9976,-0.23214285714285765
9977,-0.22321428571428648
9978,-0.23214285714285765
9979,-0.2500000000000009
9980,-0.23214285714285765
9981,-0.2142857142857153
9982,-0.1875000000000009
9983,-0.1875000000000009
9984,-0.1875000000000009
9985,-0.1875000000000009
9986,-0.17857142857142883
9987,-0.16071428571428648
9988,-0.1517857142857153
9989,-0.16964285714285765
9990,-0.20535714285714324
9991,-0.2142857142857153
9992,-0.2142857142857153
9993,-0.19642857142857206
9994,-0.19642857142857206
9995,-0.19642857142857206
9996,-0.20535714285714324
9997,-0.20535714285714324
9998,-0.19642857142857206
9999,-0.16964285714285765
10000,-0.16964285714285765
10001,-0.17857142857142883
10002,-0.17857142857142883
10003,-0.19642857142857206
10004,-0.1875000000000009
10005,-0.19642857142857206
10006,-0.17857142857142883
10007,-0.1517857142857153
10008,-0.1517857142857153
10009,-0.16964285714285765
10010,-0.17857142857142883
10011,-0.20535714285714324
10012,-0.23214285714285765
10013,-0.2500000000000009
10014,-0.2142857142857153
10015,-0.1517857142857153
10016,-0.1250000000000009
10017,-0.1517857142857153
10018,-0.17857142857142883
10019,-0.19642857142857206
10020,-0.20535714285714324
10021,-0.26785714285714324
10022,-0.3035714285714288
10023,-0.2500000000000009
10024,-0.17857142857142883
10025,-0.10714285714285765
10026,-0.008928571428572063
10027,0.05357142857142794
10028,0.04464285714285676
10029,-0.017857142857143238
10030,-0.04464285714285765
10031,-0.07142857142857206
10032,-0.0892857142857153
10033,-0.11607142857142883
10034,-0.1250000000000009
10035,-0.13392857142857206
10036,-0.1517857142857153
10037,-0.1875000000000009
10038,-0.22321428571428648
10039,-0.2142857142857153
10040,-0.1517857142857153
10041,-0.0892857142857153
10042,-0.07142857142857206
10043,-0.053571428571428825
10044,-0.06250000000000089
10045,-0.07142857142857206
10046,-0.06250000000000089
10047,-0.10714285714285765
10048,-0.24107142857142883
10049,-0.41964285714285765
10050,-0.4732142857142865
10051,-0.41964285714285765
10052,-0.33035714285714324
10053,-0.19642857142857206
10054,-0.06250000000000089
10055,-0.017857142857143238
10056,-0.035714285714286476
10057,-0.035714285714286476
10058,-0.053571428571428825
10059,-0.1875000000000009
10060,-0.3750000000000009
10061,-0.48214285714285765
10062,-0.4642857142857153
10063,-0.3392857142857153
10064,-0.11607142857142883
10065,0.07142857142857117
10066,0.10714285714285676
10067,0.008928571428571175
10068,-0.16071428571428648
10069,-0.3125000000000009
10070,-0.4732142857142865
10071,-0.5803571428571437
10072,-0.5625000000000004
10073,-0.41964285714285765
10074,-0.23214285714285765
10075,-0.08035714285714324
10076,-8.881784197001252e-16
10077,-0.04464285714285765
10078,-0.16071428571428648
10079,-0.2500000000000009
10080,-0.3482142857142865
10081,-0.4732142857142865
10082,-0.5892857142857149
10083,-0.5803571428571437
10084,-0.38392857142857206
10085,-0.10714285714285765
10086,0.05357142857142794
10087,0.0357142857142847
10088,-0.0892857142857153
10089,-0.2500000000000009
10090,-0.3482142857142865
10091,-0.32142857142857206
10092,-0.25892857142857206
10093,-0.35714285714285765
10094,-0.5892857142857149
10095,-0.7321428571428577
10096,-0.6250000000000004
10097,-0.2857142857142865
10098,-8.881784197001252e-16
10099,0.08928571428571352
10100,0.10714285714285676
10101,0.0982142857142847
10102,0.04464285714285676
10103,-0.0892857142857153
10104,-0.1875000000000009
10105,-0.24107142857142883
10106,-0.25892857142857206
10107,-0.29464285714285765
10108,-0.38392857142857206
10109,-0.5000000000000009
10110,-0.5357142857142865
10111,-0.4732142857142865
10112,-0.29464285714285765
10113,-0.09821428571428648
10114,-0.04464285714285765
10115,-0.14285714285714324
10116,-0.2142857142857153
10117,-0.16071428571428648
10118,-0.0892857142857153
10119,-0.10714285714285765
10120,-0.2500000000000009
10121,-0.4017857142857153
10122,-0.5089285714285721
10123,-0.4017857142857153
10124,-0.20535714285714324
10125,-0.11607142857142883
10126,-0.1875000000000009
10127,-0.33035714285714324
10128,-0.4017857142857153
10129,-0.32142857142857206
10130,-0.1517857142857153
10131,-0.0267857142857153
10132,-0.04464285714285765
10133,-0.1875000000000009
10134,-0.3035714285714288
10135,-0.3035714285714288
10136,-0.22321428571428648
10137,-0.1875000000000009
10138,-0.23214285714285765
10139,-0.2500000000000009
10140,-0.25892857142857206
10141,-0.2500000000000009
10142,-0.22321428571428648
10143,-0.23214285714285765
10144,-0.2142857142857153
10145,-0.22321428571428648
10146,-0.2500000000000009
10147,-0.33035714285714324
10148,-0.4107142857142865
10149,-0.44642857142857206
10150,-0.4285714285714288
10151,-0.32142857142857206
10152,-0.2857142857142865
10153,-0.2857142857142865
10154,-0.23214285714285765
10155,-0.22321428571428648
10156,-0.2857142857142865
10157,-0.33035714285714324
10158,-0.2767857142857153
10159,-0.19642857142857206
10160,-0.07142857142857206
10161,0.0357142857142847
10162,0.01785714285714235
10163,-0.06250000000000089
10164,-0.1875000000000009
10165,-0.29464285714285765
10166,-0.35714285714285765
10167,-0.4107142857142865
10168,-0.35714285714285765
10169,-0.23214285714285765
10170,-0.10714285714285765
10171,-0.04464285714285765
10172,-0.04464285714285765
10173,-0.14285714285714324
10174,-0.3035714285714288
10175,-0.4642857142857153
10176,-0.5178571428571432
10177,-0.3750000000000009
10178,-0.11607142857142883
10179,0.07142857142857117
10180,0.04464285714285676
10181,-0.13392857142857206
10182,-0.2142857142857153
10183,-0.16964285714285765
10184,-0.13392857142857206
10185,-0.13392857142857206
10186,-0.1875000000000009
10187,-0.22321428571428648
10188,-0.22321428571428648
10189,-0.20535714285714324
10190,-0.1875000000000009
10191,-0.20535714285714324
10192,-0.19642857142857206
10193,-0.14285714285714324
10194,-0.08035714285714324
10195,-0.08035714285714324
10196,-0.1250000000000009
10197,-0.16071428571428648
10198,-0.1875000000000009
10199,-0.2142857142857153
10200,-0.2500000000000009
10201,-0.25892857142857206
10202,-0.2500000000000009
10203,-0.24107142857142883
10204,-0.2857142857142865
10205,-0.32142857142857206
10206,-0.29464285714285765
10207,-0.19642857142857206
10208,-0.1250000000000009
10209,-0.11607142857142883
10210,-0.20535714285714324
10211,-0.3125000000000009
10212,-0.3125000000000009
10213,-0.26785714285714324
10214,-0.20535714285714324
10215,-0.16964285714285765
10216,-0.11607142857142883
10217,-0.0892857142857153
10218,-0.09821428571428648
10219,-0.16071428571428648
10220,-0.1875000000000009
10221,-0.2767857142857153
10222,-0.3482142857142865
10223,-0.3482142857142865
10224,-0.19642857142857206
10225,0.008928571428571175
10226,0.12499999999999911
10227,0.07142857142857117
10228,-0.04464285714285765
10229,-0.10714285714285765
10230,-0.13392857142857206
10231,-0.17857142857142883
10232,-0.20535714285714324
10233,-0.22321428571428648
10234,-0.22321428571428648
10235,-0.2500000000000009
10236,-0.25892857142857206
10237,-0.23214285714285765
10238,-0.23214285714285765
10239,-0.3035714285714288
10240,-0.32142857142857206
10241,-0.13392857142857206
10242,0.08035714285714235
10243,0.12499999999999911
10244,0.11607142857142794
10245,0.10714285714285676
10246,0.08928571428571352
10247,0.05357142857142794
10248,-8.881784197001252e-16
10249,-0.07142857142857206
10250,-0.14285714285714324
10251,-0.1250000000000009
10252,-0.0267857142857153
10253,0.0982142857142847
10254,0.13392857142857117
10255,0.11607142857142794
10256,0.05357142857142794
10257,-0.0267857142857153
10258,-0.0892857142857153
10259,-0.14285714285714324
10260,-0.2500000000000009
10261,-0.4017857142857153
10262,-0.48214285714285765
10263,-0.3750000000000009
10264,-0.1517857142857153
10265,-0.0267857142857153
10266,-0.0892857142857153
10267,-0.24107142857142883
10268,-0.29464285714285765
10269,-0.23214285714285765
10270,-0.1517857142857153
10271,-0.1250000000000009
10272,-0.14285714285714324
10273,-0.17857142857142883
10274,-0.2500000000000009
10275,-0.3035714285714288
10276,-0.3125000000000009
10277,-0.32142857142857206
10278,-0.3125000000000009
10279,-0.24107142857142883
10280,-0.13392857142857206
10281,-0.07142857142857206
10282,-0.07142857142857206
10283,-0.14285714285714324
10284,-0.2500000000000009
10285,-0.29464285714285765
10286,-0.2857142857142865
10287,-0.25892857142857206
10288,-0.19642857142857206
10289,-0.14285714285714324
10290,-0.13392857142857206
10291,-0.17857142857142883
10292,-0.22321428571428648
10293,-0.2857142857142865
10294,-0.32142857142857206
10295,-0.2857142857142865
10296,-0.19642857142857206
10297,-0.1250000000000009
10298,-0.16071428571428648
10299,-0.2857142857142865
10300,-0.35714285714285765
10301,-0.33035714285714324
10302,-0.2142857142857153
10303,-0.1250000000000009
10304,-0.08035714285714324
10305,-0.11607142857142883
10306,-0.23214285714285765
10307,-0.3392857142857153
10308,-0.32142857142857206
10309,-0.25892857142857206
10310,-0.26785714285714324
10311,-0.33035714285714324
10312,-0.33035714285714324
10313,-0.29464285714285765
10314,-0.3482142857142865
10315,-0.45535714285714324
10316,-0.5446428571428577
10317,-0.5982142857142865
10318,-0.5446428571428577
10319,-0.4732142857142865
10320,-0.5089285714285721
10321,-0.6071428571428577
10322,-0.6607142857142865
10323,-0.7053571428571437
10324,-0.7142857142857149
10325,-0.6785714285714293
10326,-0.6607142857142865
10327,-0.6517857142857149
10328,-0.5982142857142865
10329,-0.4910714285714288
10330,-0.3750000000000009
10331,-0.3482142857142865
10332,-0.38392857142857206
10333,-0.41964285714285765
10334,-0.33035714285714324
10335,-0.1517857142857153
10336,-0.035714285714286476
10337,-0.053571428571428825
10338,-0.11607142857142883
10339,-0.16071428571428648
10340,-0.16964285714285765
10341,-0.1517857142857153
10342,-0.1517857142857153
10343,-0.16964285714285765
10344,-0.1875000000000009
10345,-0.16964285714285765
10346,-0.16071428571428648
10347,-0.14285714285714324
10348,-0.14285714285714324
10349,-0.13392857142857206
10350,-0.0892857142857153
10351,-0.08035714285714324
10352,-0.09821428571428648
10353,-0.10714285714285765
10354,-0.10714285714285765
10355,-0.0892857142857153
10356,-0.13392857142857206
10357,-0.1875000000000009
10358,-0.19642857142857206
10359,-0.1875000000000009
10360,-0.1517857142857153
10361,-0.09821428571428648
10362,-0.06250000000000089
10363,-0.07142857142857206
10364,-0.09821428571428648
10365,-0.13392857142857206
10366,-0.13392857142857206
10367,-0.13392857142857206
10368,-0.10714285714285765
10369,-0.08035714285714324
10370,-0.053571428571428825
10371,-0.04464285714285765
10372,-0.08035714285714324
10373,-0.10714285714285765
10374,-0.1250000000000009
10375,-0.10714285714285765
10376,-0.08035714285714324
10377,-0.07142857142857206
10378,-0.09821428571428648
10379,-0.0892857142857153
10380,-0.08035714285714324
10381,-0.06250000000000089
10382,-0.0267857142857153
10383,-8.881784197001252e-16
10384,-0.008928571428572063
10385,-0.053571428571428825
10386,-0.10714285714285765
10387,-0.11607142857142883
10388,-0.0892857142857153
10389,-0.0267857142857153
10390,0.0357142857142847
10391,0.026785714285713524
10392,-0.017857142857143238
10393,-0.053571428571428825
10394,-0.0267857142857153
10395,0.008928571428571175
10396,-8.881784197001252e-16
10397,-0.0267857142857153
10398,-0.035714285714286476
10399,-0.0267857142857153
10400,-8.881784197001252e-16
10401,-8.881784197001252e-16
10402,-0.017857142857143238
10403,-0.017857142857143238
10404,0.01785714285714235
10405,0.01785714285714235
10406,0.008928571428571175
10407,0.01785714285714235
10408,-8.881784197001252e-16
10409,-0.035714285714286476
10410,-0.053571428571428825
10411,-0.06250000000000089
10412,-0.035714285714286476
10413,-8.881784197001252e-16
10414,-8.881784197001252e-16
10415,-0.035714285714286476
10416,-0.06250000000000089
10417,-0.07142857142857206
10418,-0.07142857142857206
10419,-0.08035714285714324
10420,-0.0892857142857153
10421,-0.0892857142857153
10422,-0.10714285714285765
10423,-0.11607142857142883
10424,-0.11607142857142883
10425,-0.11607142857142883
10426,-0.09821428571428648
10427,-0.1250000000000009
10428,-0.14285714285714324
10429,-0.14285714285714324
10430,-0.11607142857142883
10431,-0.09821428571428648
10432,-0.1250000000000009
10433,-0.16071428571428648
10434,-0.16071428571428648
10435,-0.14285714285714324
10436,-0.10714285714285765
10437,-0.10714285714285765
10438,-0.1250000000000009
10439,-0.13392857142857206
10440,-0.1517857142857153
10441,-0.1875000000000009
10442,-0.17857142857142883
10443,-0.16071428571428648
10444,-0.16071428571428648
10445,-0.1517857142857153
10446,-0.16071428571428648
10447,-0.16964285714285765
10448,-0.16964285714285765
10449,-0.17857142857142883
10450,-0.1875000000000009
10451,-0.1875000000000009
10452,-0.1875000000000009
10453,-0.16964285714285765
10454,-0.16964285714285765
10455,-0.1517857142857153
10456,-0.14285714285714324
10457,-0.14285714285714324
10458,-0.16071428571428648
10459,-0.1875000000000009
10460,-0.19642857142857206
10461,-0.19642857142857206
10462,-0.16964285714285765
10463,-0.1875000000000009
10464,-0.20535714285714324
10465,-0.2142857142857153
10466,-0.22321428571428648
10467,-0.2142857142857153
10468,-0.19642857142857206
10469,-0.19642857142857206
10470,-0.2142857142857153
10471,-0.2142857142857153
10472,-0.20535714285714324
10473,-0.19642857142857206
10474,-0.19642857142857206
10475,-0.20535714285714324
10476,-0.22321428571428648
10477,-0.23214285714285765
10478,-0.24107142857142883
10479,-0.23214285714285765
10480,-0.2142857142857153
10481,-0.2142857142857153
10482,-0.22321428571428648
10483,-0.24107142857142883
10484,-0.23214285714285765
10485,-0.2142857142857153
10486,-0.22321428571428648
10487,-0.24107142857142883
10488,-0.26785714285714324
10489,-0.2500000000000009
10490,-0.24107142857142883
10491,-0.22321428571428648
10492,-0.23214285714285765
10493,-0.25892857142857206
10494,-0.2857142857142865
10495,-0.29464285714285765
10496,-0.2767857142857153
10497,-0.25892857142857206
10498,-0.25892857142857206
10499,-0.2767857142857153
10500,-0.2767857142857153
10501,-0.2857142857142865
10502,-0.26785714285714324
10503,-0.25892857142857206
10504,-0.26785714285714324
10505,-0.2767857142857153
10506,-0.2767857142857153
10507,-0.2857142857142865
10508,-0.26785714285714324
10509,-0.25892857142857206
10510,-0.2767857142857153
10511,-0.26785714285714324
10512,-0.2767857142857153
10513,-0.2857142857142865
10514,-0.2767857142857153
10515,-0.2857142857142865
10516,-0.29464285714285765
10517,-0.3035714285714288
10518,-0.3035714285714288
10519,-0.29464285714285765
10520,-0.29464285714285765
10521,-0.3035714285714288
10522,-0.29464285714285765
10523,-0.26785714285714324
10524,-0.2500000000000009
10525,-0.2500000000000009
10526,-0.23214285714285765
10527,-0.19642857142857206
10528,-0.2142857142857153
10529,-0.25892857142857206
10530,-0.2857142857142865
10531,-0.2857142857142865
10532,-0.26785714285714324
10533,-0.2500000000000009
10534,-0.26785714285714324
10535,-0.2767857142857153
10536,-0.25892857142857206
10537,-0.2500000000000009
10538,-0.24107142857142883
10539,-0.22321428571428648
10540,-0.24107142857142883
10541,-0.24107142857142883
10542,-0.26785714285714324
10543,-0.2767857142857153
10544,-0.26785714285714324
10545,-0.25892857142857206
10546,-0.26785714285714324
10547,-0.2857142857142865
10548,-0.2767857142857153
10549,-0.2857142857142865
10550,-0.25892857142857206
10551,-0.24107142857142883
10552,-0.24107142857142883
10553,-0.25892857142857206
10554,-0.26785714285714324
10555,-0.2767857142857153
10556,-0.2500000000000009
10557,-0.23214285714285765
10558,-0.23214285714285765
10559,-0.2500000000000009
10560,-0.26785714285714324
10561,-0.26785714285714324
10562,-0.26785714285714324
10563,-0.25892857142857206
10564,-0.26785714285714324
10565,-0.26785714285714324
10566,-0.26785714285714324
10567,-0.25892857142857206
10568,-0.23214285714285765
10569,-0.22321428571428648
10570,-0.23214285714285765
10571,-0.2500000000000009
10572,-0.2857142857142865
10573,-0.29464285714285765
10574,-0.26785714285714324
10575,-0.24107142857142883
10576,-0.22321428571428648
10577,-0.24107142857142883
10578,-0.24107142857142883
10579,-0.24107142857142883
10580,-0.23214285714285765
10581,-0.2500000000000009
10582,-0.25892857142857206
10583,-0.26785714285714324
10584,-0.2500000000000009
10585,-0.24107142857142883
10586,-0.22321428571428648
10587,-0.23214285714285765
10588,-0.2500000000000009
10589,-0.25892857142857206
10590,-0.26785714285714324
10591,-0.25892857142857206
10592,-0.24107142857142883
10593,-0.2142857142857153
10594,-0.22321428571428648
10595,-0.25892857142857206
10596,-0.25892857142857206
10597,-0.2500000000000009
10598,-0.2142857142857153
10599,-0.16964285714285765
10600,-0.13392857142857206
10601,-0.1250000000000009
10602,-0.16071428571428648
10603,-0.2142857142857153
10604,-0.23214285714285765
10605,-0.23214285714285765
10606,-0.2142857142857153
10607,-0.17857142857142883
10608,-0.16071428571428648
10609,-0.13392857142857206
10610,-0.09821428571428648
10611,-0.06250000000000089
10612,-0.06250000000000089
10613,-0.07142857142857206
10614,-0.08035714285714324
10615,-0.0892857142857153
10616,-0.08035714285714324
10617,-0.053571428571428825
10618,-0.04464285714285765
10619,-0.04464285714285765
10620,-0.04464285714285765
10621,-0.053571428571428825
10622,-0.06250000000000089
10623,-0.07142857142857206
10624,-0.10714285714285765
10625,-0.1517857142857153
10626,-0.19642857142857206
10627,-0.23214285714285765
10628,-0.2500000000000009
10629,-0.25892857142857206
10630,-0.2767857142857153
10631,-0.29464285714285765
10632,-0.2857142857142865
10633,-0.2767857142857153
10634,-0.25892857142857206
10635,-0.25892857142857206
10636,-0.2857142857142865
10637,-0.3125000000000009
10638,-0.32142857142857206
10639,-0.3392857142857153
10640,-0.32142857142857206
10641,-0.2767857142857153
10642,-0.25892857142857206
10643,-0.2500000000000009
10644,-0.2767857142857153
10645,-0.29464285714285765
10646,-0.3035714285714288
10647,-0.2767857142857153
10648,-0.2767857142857153
10649,-0.2857142857142865
10650,-0.29464285714285765
10651,-0.3035714285714288
10652,-0.2857142857142865
10653,-0.29464285714285765
10654,-0.25892857142857206
10655,-0.25892857142857206
10656,-0.2767857142857153
10657,-0.2857142857142865
10658,-0.2857142857142865
10659,-0.2767857142857153
10660,-0.26785714285714324
10661,-0.2767857142857153
10662,-0.29464285714285765
10663,-0.3035714285714288
10664,-0.3125000000000009
10665,-0.3035714285714288
10666,-0.2857142857142865
10667,-0.2857142857142865
10668,-0.2857142857142865
10669,-0.2857142857142865
10670,-0.2767857142857153
10671,-0.25892857142857206
10672,-0.22321428571428648
10673,-0.2142857142857153
10674,-0.2142857142857153
10675,-0.23214285714285765
10676,-0.22321428571428648
10677,-0.25892857142857206
10678,-0.33035714285714324
10679,-0.39285714285714324
10680,-0.4107142857142865
10681,-0.41964285714285765
10682,-0.4107142857142865
10683,-0.41964285714285765
10684,-0.4107142857142865
10685,-0.45535714285714324
10686,-0.5178571428571432
10687,-0.5446428571428577
10688,-0.5625000000000004
10689,-0.5892857142857149
10690,-0.6517857142857149
10691,-0.7053571428571437
10692,-0.7410714285714293
10693,-0.7589285714285721
10694,-0.7678571428571437
10695,-0.7678571428571437
10696,-0.7678571428571437
10697,-0.7500000000000004
10698,-0.7321428571428577
10699,-0.6964285714285721
10700,-0.6607142857142865
10701,-0.6071428571428577
10702,-0.5357142857142865
10703,-0.48214285714285765
10704,-0.4642857142857153
10705,-0.4285714285714288
10706,-0.38392857142857206
10707,-0.32142857142857206
10708,-0.26785714285714324
10709,-0.2500000000000009
10710,-0.26785714285714324
10711,-0.26785714285714324
10712,-0.24107142857142883
10713,-0.2142857142857153
10714,-0.20535714285714324
10715,-0.20535714285714324
10716,-0.23214285714285765
10717,-0.23214285714285765
10718,-0.2142857142857153
10719,-0.20535714285714324
10720,-0.1875000000000009
10721,-0.1875000000000009
10722,-0.17857142857142883
10723,-0.19642857142857206
10724,-0.1875000000000009
10725,-0.17857142857142883
10726,-0.19642857142857206
10727,-0.20535714285714324
10728,-0.20535714285714324
10729,-0.2142857142857153
10730,-0.1875000000000009
10731,-0.16964285714285765
10732,-0.16964285714285765
10733,-0.19642857142857206
10734,-0.19642857142857206
10735,-0.17857142857142883
10736,-0.16964285714285765
10737,-0.16071428571428648
10738,-0.17857142857142883
10739,-0.19642857142857206
10740,-0.1875000000000009
10741,-0.19642857142857206
10742,-0.19642857142857206
10743,-0.1875000000000009
10744,-0.16964285714285765
10745,-0.16071428571428648
10746,-0.1517857142857153
10747,-0.14285714285714324
10748,-0.1250000000000009
10749,-0.10714285714285765
10750,-0.1250000000000009
10751,-0.1250000000000009
10752,-0.1517857142857153
10753,-0.17857142857142883
10754,-0.1517857142857153
10755,-0.14285714285714324
10756,-0.11607142857142883
10757,-0.1250000000000009
10758,-0.1250000000000009
10759,-0.13392857142857206
10760,-0.13392857142857206
10761,-0.11607142857142883
10762,-0.10714285714285765
10763,-0.09821428571428648
10764,-0.10714285714285765
10765,-0.11607142857142883
10766,-0.11607142857142883
10767,-0.09821428571428648
10768,-0.07142857142857206
10769,-0.07142857142857206
10770,-0.07142857142857206
10771,-0.0892857142857153
10772,-0.0892857142857153
10773,-0.07142857142857206
10774,-0.07142857142857206
10775,-0.06250000000000089
10776,-0.06250000000000089
10777,-0.07142857142857206
10778,-0.07142857142857206
10779,-0.07142857142857206
10780,-0.06250000000000089
10781,-0.07142857142857206
10782,-0.08035714285714324
10783,-0.09821428571428648
10784,-0.09821428571428648
10785,-0.08035714285714324
10786,-0.07142857142857206
10787,-0.08035714285714324
10788,-0.08035714285714324
10789,-0.08035714285714324
10790,-0.06250000000000089
10791,-0.053571428571428825
10792,-0.06250000000000089
10793,-0.0892857142857153
10794,-0.11607142857142883
10795,-0.13392857142857206
10796,-0.10714285714285765
10797,-0.07142857142857206
10798,-0.07142857142857206
10799,-0.09821428571428648
10800,-0.11607142857142883
10801,-0.1250000000000009
10802,-0.13392857142857206
10803,-0.13392857142857206
10804,-0.1250000000000009
10805,-0.13392857142857206
10806,-0.16071428571428648
10807,-0.16071428571428648
10808,-0.14285714285714324
10809,-0.14285714285714324
10810,-0.14285714285714324
10811,-0.16964285714285765
10812,-0.1875000000000009
10813,-0.1875000000000009
10814,-0.1517857142857153
10815,-0.14285714285714324
10816,-0.14285714285714324
10817,-0.1517857142857153
10818,-0.16071428571428648
10819,-0.16964285714285765
10820,-0.17857142857142883
10821,-0.16964285714285765
10822,-0.1875000000000009
10823,-0.19642857142857206
10824,-0.2142857142857153
10825,-0.22321428571428648
10826,-0.22321428571428648
10827,-0.2142857142857153
10828,-0.19642857142857206
10829,-0.19642857142857206
10830,-0.1875000000000009
10831,-0.19642857142857206
10832,-0.19642857142857206
10833,-0.1875000000000009
10834,-0.17857142857142883
10835,-0.17857142857142883
10836,-0.1875000000000009
10837,-0.20535714285714324
10838,-0.20535714285714324
10839,-0.1875000000000009
10840,-0.16964285714285765
10841,-0.16964285714285765
10842,-0.17857142857142883
10843,-0.17857142857142883
10844,-0.1875000000000009
10845,-0.17857142857142883
10846,-0.19642857142857206
10847,-0.2142857142857153
10848,-0.23214285714285765
10849,-0.24107142857142883
10850,-0.23214285714285765
10851,-0.23214285714285765
10852,-0.2142857142857153
10853,-0.1875000000000009
10854,-0.1517857142857153
10855,-0.14285714285714324
10856,-0.14285714285714324
10857,-0.1250000000000009
10858,-0.14285714285714324
10859,-0.16071428571428648
10860,-0.16964285714285765
10861,-0.16964285714285765
10862,-0.14285714285714324
10863,-0.11607142857142883
10864,-0.053571428571428825
10865,-0.008928571428572063
10866,0.08035714285714235
10867,0.17857142857142794
10868,0.3392857142857135
10869,0.5089285714285712
10870,0.6517857142857135
10871,0.7857142857142856
10872,0.8928571428571423
10873,0.9642857142857135
10874,0.9999999999999991
10875,0.9732142857142856
10876,0.9374999999999991
10877,0.8928571428571423
10878,0.8839285714285712
10879,0.8124999999999991
10880,0.6964285714285712
10881,0.5089285714285712
10882,0.3214285714285712
10883,0.17857142857142794
10884,0.10714285714285676
10885,0.07142857142857117
10886,0.06249999999999911
10887,0.01785714285714235
10888,-0.08035714285714324
10889,-0.1517857142857153
10890,-0.20535714285714324
10891,-0.26785714285714324
10892,-0.35714285714285765
10893,-0.4107142857142865
10894,-0.4107142857142865
10895,-0.3660714285714288
10896,-0.35714285714285765
10897,-0.4017857142857153
10898,-0.4642857142857153
10899,-0.5178571428571432
10900,-0.5178571428571432
10901,-0.5000000000000009
10902,-0.4732142857142865
10903,-0.4642857142857153
10904,-0.44642857142857206
10905,-0.4285714285714288
10906,-0.4375000000000009
10907,-0.44642857142857206
10908,-0.45535714285714324
10909,-0.45535714285714324
10910,-0.44642857142857206
10911,-0.44642857142857206
10912,-0.45535714285714324
10913,-0.4642857142857153
10914,-0.48214285714285765
10915,-0.4910714285714288
10916,-0.4910714285714288
10917,-0.48214285714285765
10918,-0.5000000000000009
10919,-0.5089285714285721
10920,-0.5267857142857153
10921,-0.5267857142857153
10922,-0.5178571428571432
10923,-0.5178571428571432
10924,-0.5357142857142865
10925,-0.5446428571428577
10926,-0.5446428571428577
10927,-0.5625000000000004
10928,-0.5535714285714293
10929,-0.5535714285714293
10930,-0.5535714285714293
10931,-0.5714285714285721
10932,-0.5803571428571437
10933,-0.5803571428571437
10934,-0.5714285714285721
10935,-0.5535714285714293
10936,-0.5803571428571437
10937,-0.5892857142857149
10938,-0.6071428571428577
10939,-0.6160714285714293
10940,-0.6071428571428577
10941,-0.6071428571428577
10942,-0.6160714285714293
10943,-0.6250000000000004
10944,-0.6250000000000004
10945,-0.6160714285714293
10946,-0.6071428571428577
10947,-0.6160714285714293
10948,-0.6250000000000004
10949,-0.6339285714285721
10950,-0.6339285714285721
10951,-0.6339285714285721
10952,-0.6428571428571437
10953,-0.6517857142857149
10954,-0.6607142857142865
10955,-0.6517857142857149
10956,-0.6339285714285721
10957,-0.6250000000000004
10958,-0.6071428571428577
10959,-0.5982142857142865
10960,-0.5803571428571437
10961,-0.5892857142857149
10962,-0.5892857142857149
10963,-0.5892857142857149
10964,-0.5803571428571437
10965,-0.5625000000000004
10966,-0.5535714285714293
10967,-0.5446428571428577
10968,-0.5446428571428577
10969,-0.5357142857142865
10970,-0.5178571428571432
10971,-0.5089285714285721
10972,-0.5089285714285721
10973,-0.4910714285714288
10974,-0.5000000000000009
10975,-0.4732142857142865
10976,-0.44642857142857206
10977,-0.4285714285714288
10978,-0.4285714285714288
10979,-0.4107142857142865
10980,-0.4017857142857153
10981,-0.3750000000000009
10982,-0.3392857142857153
10983,-0.32142857142857206
10984,-0.29464285714285765
10985,-0.26785714285714324
10986,-0.25892857142857206
10987,-0.2500000000000009
10988,-0.22321428571428648
10989,-0.2142857142857153
10990,-0.17857142857142883
10991,-0.17857142857142883
10992,-0.20535714285714324
10993,-0.1875000000000009
10994,-0.16964285714285765
10995,-0.1517857142857153
10996,-0.1517857142857153
10997,-0.1517857142857153
10998,-0.13392857142857206
10999,-0.10714285714285765
11000,-0.0892857142857153
11001,-0.06250000000000089
11002,-0.053571428571428825
11003,-0.07142857142857206
11004,-0.13392857142857206
11005,-0.16071428571428648
11006,-0.16964285714285765
11007,-0.16964285714285765
11008,-0.19642857142857206
11009,-0.23214285714285765
11010,-0.26785714285714324
11011,-0.29464285714285765
11012,-0.2857142857142865
11013,-0.26785714285714324
11014,-0.26785714285714324
11015,-0.26785714285714324
11016,-0.26785714285714324
11017,-0.2857142857142865
11018,-0.2767857142857153
11019,-0.26785714285714324
11020,-0.2767857142857153
11021,-0.26785714285714324
11022,-0.25892857142857206
11023,-0.24107142857142883
11024,-0.22321428571428648
11025,-0.2142857142857153
11026,-0.22321428571428648
11027,-0.25892857142857206
11028,-0.25892857142857206
11029,-0.25892857142857206
11030,-0.24107142857142883
11031,-0.22321428571428648
11032,-0.23214285714285765
11033,-0.2500000000000009
11034,-0.24107142857142883
11035,-0.24107142857142883
11036,-0.22321428571428648
11037,-0.2142857142857153
11038,-0.22321428571428648
11039,-0.23214285714285765
11040,-0.22321428571428648
11041,-0.23214285714285765
11042,-0.22321428571428648
11043,-0.2142857142857153
11044,-0.2142857142857153
11045,-0.22321428571428648
11046,-0.22321428571428648
11047,-0.22321428571428648
11048,-0.19642857142857206
11049,-0.1875000000000009
11050,-0.1875000000000009
11051,-0.20535714285714324
11052,-0.1875000000000009
11053,-0.16964285714285765
11054,-0.16071428571428648
11055,-0.17857142857142883
11056,-0.17857142857142883
11057,-0.19642857142857206
11058,-0.19642857142857206
11059,-0.19642857142857206
11060,-0.1875000000000009
11061,-0.19642857142857206
11062,-0.20535714285714324
11063,-0.2142857142857153
11064,-0.20535714285714324
11065,-0.1875000000000009
11066,-0.16071428571428648
11067,-0.1517857142857153
11068,-0.16964285714285765
11069,-0.17857142857142883
11070,-0.1875000000000009
11071,-0.16964285714285765
11072,-0.14285714285714324
11073,-0.1250000000000009
11074,-0.1250000000000009
11075,-0.1517857142857153
11076,-0.16071428571428648
11077,-0.17857142857142883
11078,-0.16071428571428648
11079,-0.16071428571428648
11080,-0.1517857142857153
11081,-0.16964285714285765
11082,-0.17857142857142883
11083,-0.20535714285714324
11084,-0.17857142857142883
11085,-0.17857142857142883
11086,-0.16964285714285765
11087,-0.1517857142857153
11088,-0.13392857142857206
11089,-0.14285714285714324
11090,-0.14285714285714324
11091,-0.14285714285714324
11092,-0.14285714285714324
11093,-0.1517857142857153
11094,-0.1517857142857153
11095,-0.16071428571428648
11096,-0.1517857142857153
11097,-0.1517857142857153
11098,-0.14285714285714324
11099,-0.1517857142857153
11100,-0.1517857142857153
11101,-0.1517857142857153
11102,-0.16071428571428648
11103,-0.16071428571428648
11104,-0.1517857142857153
11105,-0.17857142857142883
11106,-0.16964285714285765
11107,-0.1875000000000009
11108,-0.17857142857142883
11109,-0.1517857142857153
11110,-0.13392857142857206
11111,-0.1517857142857153
11112,-0.16071428571428648
11113,-0.16964285714285765
11114,-0.16071428571428648
11115,-0.1517857142857153
11116,-0.1517857142857153
11117,-0.14285714285714324
11118,-0.13392857142857206
11119,-0.13392857142857206
11120,-0.13392857142857206
11121,-0.14285714285714324
11122,-0.1517857142857153
11123,-0.1517857142857153
11124,-0.1517857142857153
11125,-0.1517857142857153
11126,-0.13392857142857206
11127,-0.13392857142857206
11128,-0.13392857142857206
11129,-0.14285714285714324
11130,-0.1517857142857153
11131,-0.1517857142857153
11132,-0.14285714285714324
11133,-0.14285714285714324
11134,-0.14285714285714324
11135,-0.1250000000000009
11136,-0.11607142857142883
11137,-0.11607142857142883
11138,-0.14285714285714324
11139,-0.1250000000000009
11140,-0.1250000000000009
11141,-0.14285714285714324
11142,-0.13392857142857206
11143,-0.14285714285714324
11144,-0.13392857142857206
11145,-0.11607142857142883
11146,-0.11607142857142883
11147,-0.1250000000000009
11148,-0.13392857142857206
11149,-0.13392857142857206
11150,-0.11607142857142883
11151,-0.11607142857142883
11152,-0.1250000000000009
11153,-0.13392857142857206
11154,-0.13392857142857206
11155,-0.13392857142857206
11156,-0.11607142857142883
11157,-0.1250000000000009
11158,-0.13392857142857206
11159,-0.1517857142857153
11160,-0.1517857142857153
11161,-0.16964285714285765
11162,-0.14285714285714324
11163,-0.11607142857142883
11164,-0.10714285714285765
11165,-0.11607142857142883
11166,-0.13392857142857206
11167,-0.13392857142857206
11168,-0.1250000000000009
11169,-0.11607142857142883
11170,-0.1250000000000009
11171,-0.14285714285714324
11172,-0.1517857142857153
11173,-0.1517857142857153
11174,-0.13392857142857206
11175,-0.1250000000000009
11176,-0.14285714285714324
11177,-0.14285714285714324
11178,-0.14285714285714324
11179,-0.14285714285714324
11180,-0.1250000000000009
11181,-0.11607142857142883
11182,-0.1250000000000009
11183,-0.14285714285714324
11184,-0.14285714285714324
11185,-0.14285714285714324
11186,-0.14285714285714324
11187,-0.1517857142857153
11188,-0.14285714285714324
11189,-0.13392857142857206
11190,-0.1250000000000009
11191,-0.10714285714285765
11192,-0.0892857142857153
11193,-0.09821428571428648
11194,-0.10714285714285765
11195,-0.11607142857142883
11196,-0.1250000000000009
11197,-0.14285714285714324
11198,-0.1517857142857153
11199,-0.1250000000000009
11200,-0.11607142857142883
11201,-0.11607142857142883
11202,-0.1250000000000009
11203,-0.14285714285714324
11204,-0.14285714285714324
11205,-0.13392857142857206
11206,-0.13392857142857206
11207,-0.11607142857142883
11208,-0.13392857142857206
11209,-0.1517857142857153
11210,-0.13392857142857206
11211,-0.13392857142857206
11212,-0.1250000000000009
11213,-0.1250000000000009
11214,-0.1250000000000009
11215,-0.13392857142857206
11216,-0.1250000000000009
11217,-0.09821428571428648
11218,-0.10714285714285765
11219,-0.10714285714285765
11220,-0.14285714285714324
11221,-0.14285714285714324
11222,-0.1517857142857153
11223,-0.13392857142857206
11224,-0.1250000000000009
11225,-0.1250000000000009
11226,-0.1250000000000009
11227,-0.13392857142857206
11228,-0.1250000000000009
11229,-0.11607142857142883
11230,-0.11607142857142883
11231,-0.1250000000000009
11232,-0.14285714285714324
11233,-0.16071428571428648
11234,-0.13392857142857206
11235,-0.1250000000000009
11236,-0.11607142857142883
11237,-0.1250000000000009
11238,-0.13392857142857206
11239,-0.13392857142857206
11240,-0.14285714285714324
11241,-0.13392857142857206
11242,-0.13392857142857206
11243,-0.1250000000000009
11244,-0.14285714285714324
11245,-0.16071428571428648
11246,-0.14285714285714324
11247,-0.11607142857142883
11248,-0.11607142857142883
11249,-0.11607142857142883
11250,-0.1250000000000009
11251,-0.13392857142857206
11252,-0.1250000000000009
11253,-0.11607142857142883
11254,-0.11607142857142883
11255,-0.13392857142857206
11256,-0.13392857142857206
11257,-0.1250000000000009
11258,-0.10714285714285765
11259,-0.10714285714285765
11260,-0.10714285714285765
11261,-0.11607142857142883
11262,-0.11607142857142883
11263,-0.1250000000000009
11264,-0.11607142857142883
11265,-0.1250000000000009
11266,-0.13392857142857206
11267,-0.1517857142857153
11268,-0.1517857142857153
11269,-0.1517857142857153
11270,-0.1517857142857153
11271,-0.14285714285714324
11272,-0.14285714285714324
11273,-0.13392857142857206
11274,-0.1250000000000009
11275,-0.1250000000000009
11276,-0.13392857142857206
11277,-0.1517857142857153
11278,-0.1517857142857153
11279,-0.1517857142857153
11280,-0.14285714285714324
11281,-0.1250000000000009
11282,-0.1250000000000009
11283,-0.11607142857142883
11284,-0.11607142857142883
11285,-0.11607142857142883
11286,-0.1250000000000009
11287,-0.13392857142857206
11288,-0.14285714285714324
11289,-0.1250000000000009
11290,-0.11607142857142883
11291,-0.13392857142857206
11292,-0.14285714285714324
11293,-0.1517857142857153
11294,-0.13392857142857206
11295,-0.1250000000000009
11296,-0.1250000000000009
11297,-0.14285714285714324
11298,-0.14285714285714324
11299,-0.14285714285714324
11300,-0.14285714285714324
11301,-0.1250000000000009
11302,-0.13392857142857206
11303,-0.14285714285714324
11304,-0.14285714285714324
11305,-0.1517857142857153
11306,-0.13392857142857206
11307,-0.14285714285714324
11308,-0.13392857142857206
11309,-0.13392857142857206
11310,-0.16071428571428648
11311,-0.16071428571428648
11312,-0.16071428571428648
11313,-0.14285714285714324
11314,-0.1250000000000009
11315,-0.14285714285714324
11316,-0.14285714285714324
11317,-0.14285714285714324
11318,-0.14285714285714324
11319,-0.1250000000000009
11320,-0.13392857142857206
11321,-0.1517857142857153
11322,-0.16071428571428648
11323,-0.1517857142857153
11324,-0.14285714285714324
11325,-0.13392857142857206
11326,-0.1250000000000009
11327,-0.1250000000000009
11328,-0.13392857142857206
11329,-0.16071428571428648
11330,-0.16071428571428648
11331,-0.13392857142857206
11332,-0.13392857142857206
11333,-0.1250000000000009
11334,-0.14285714285714324
11335,-0.1517857142857153
11336,-0.14285714285714324
11337,-0.13392857142857206
11338,-0.13392857142857206
11339,-0.14285714285714324
11340,-0.14285714285714324
11341,-0.1517857142857153
11342,-0.1517857142857153
11343,-0.1250000000000009
11344,-0.1250000000000009
11345,-0.11607142857142883
11346,-0.1250000000000009
11347,-0.14285714285714324
11348,-0.13392857142857206
11349,-0.1250000000000009
11350,-0.11607142857142883
11351,-0.1250000000000009
11352,-0.14285714285714324
11353,-0.13392857142857206
11354,-0.10714285714285765
11355,-0.0892857142857153
11356,-0.0892857142857153
11357,-0.09821428571428648
11358,-0.09821428571428648
11359,-0.0892857142857153
11360,-0.07142857142857206
11361,-0.06250000000000089
11362,-0.06250000000000089
11363,-0.053571428571428825
11364,-0.008928571428572063
11365,-0.008928571428572063
11366,0.01785714285714235
11367,0.026785714285713524
11368,0.04464285714285676
11369,0.04464285714285676
11370,0.0357142857142847
11371,0.04464285714285676
11372,0.0357142857142847
11373,0.04464285714285676
11374,0.04464285714285676
11375,0.05357142857142794
11376,0.04464285714285676
11377,0.06249999999999911
11378,0.08035714285714235
11379,0.08928571428571352
11380,0.05357142857142794
11381,-8.881784197001252e-16
11382,-0.06250000000000089
11383,-0.0892857142857153
11384,-0.08035714285714324
11385,-0.0892857142857153
11386,-0.14285714285714324
11387,-0.17857142857142883
11388,-0.1875000000000009
11389,-0.1875000000000009
11390,-0.16071428571428648
11391,-0.16964285714285765
11392,-0.1875000000000009
11393,-0.19642857142857206
11394,-0.20535714285714324
11395,-0.17857142857142883
11396,-0.1517857142857153
11397,-0.1517857142857153
11398,-0.16071428571428648
11399,-0.1875000000000009
11400,-0.19642857142857206
11401,-0.17857142857142883
11402,-0.16964285714285765
11403,-0.16964285714285765
11404,-0.19642857142857206
11405,-0.19642857142857206
11406,-0.20535714285714324
11407,-0.19642857142857206
11408,-0.17857142857142883
11409,-0.16071428571428648
11410,-0.1517857142857153
11411,-0.16964285714285765
11412,-0.16964285714285765
11413,-0.16964285714285765
11414,-0.1517857142857153
11415,-0.16071428571428648
11416,-0.17857142857142883
11417,-0.1875000000000009
11418,-0.17857142857142883
11419,-0.17857142857142883
11420,-0.17857142857142883
11421,-0.16071428571428648
11422,-0.16964285714285765
11423,-0.16964285714285765
11424,-0.16071428571428648
11425,-0.16964285714285765
11426,-0.16964285714285765
11427,-0.1875000000000009
11428,-0.16964285714285765
11429,-0.13392857142857206
11430,-0.11607142857142883
11431,-0.13392857142857206
11432,-0.13392857142857206
11433,-0.09821428571428648
11434,-0.07142857142857206
11435,-0.09821428571428648
11436,-0.17857142857142883
11437,-0.26785714285714324
11438,-0.3125000000000009
11439,-0.32142857142857206
11440,-0.3392857142857153
11441,-0.35714285714285765
11442,-0.4017857142857153
11443,-0.4732142857142865
11444,-0.4910714285714288
11445,-0.48214285714285765
11446,-0.5178571428571432
11447,-0.5446428571428577
11448,-0.5714285714285721
11449,-0.6160714285714293
11450,-0.6517857142857149
11451,-0.6875000000000004
11452,-0.6875000000000004
11453,-0.6964285714285721
11454,-0.6696428571428577
11455,-0.6517857142857149
11456,-0.5982142857142865
11457,-0.5714285714285721
11458,-0.5357142857142865
11459,-0.48214285714285765
11460,-0.4285714285714288
11461,-0.3750000000000009
11462,-0.3125000000000009
11463,-0.2500000000000009
11464,-0.19642857142857206
11465,-0.16964285714285765
11466,-0.1517857142857153
11467,-0.14285714285714324
11468,-0.1250000000000009
11469,-0.10714285714285765
11470,-0.10714285714285765
11471,-0.10714285714285765
11472,-0.1250000000000009
11473,-0.11607142857142883
11474,-0.10714285714285765
11475,-0.09821428571428648
11476,-0.0892857142857153
11477,-0.0892857142857153
11478,-0.0892857142857153
11479,-0.09821428571428648
11480,-0.09821428571428648
11481,-0.0892857142857153
11482,-0.0892857142857153
11483,-0.0892857142857153
11484,-0.07142857142857206
11485,-0.08035714285714324
11486,-0.06250000000000089
11487,-0.053571428571428825
11488,-0.053571428571428825
11489,-0.07142857142857206
11490,-0.09821428571428648
11491,-0.10714285714285765
11492,-0.07142857142857206
11493,-0.07142857142857206
11494,-0.0892857142857153
11495,-0.09821428571428648
11496,-0.08035714285714324
11497,-0.08035714285714324
11498,-0.0892857142857153
11499,-0.08035714285714324
11500,-0.07142857142857206
11501,-0.053571428571428825
11502,-0.053571428571428825
11503,-0.06250000000000089
11504,-0.06250000000000089
11505,-0.06250000000000089
11506,-0.06250000000000089
11507,-0.053571428571428825
11508,-0.06250000000000089
11509,-0.06250000000000089
11510,-0.06250000000000089
11511,-0.04464285714285765
11512,-0.04464285714285765
11513,-0.0267857142857153
11514,-0.035714285714286476
11515,-0.035714285714286476
11516,-0.035714285714286476
11517,-0.0267857142857153
11518,-0.0267857142857153
11519,-0.04464285714285765
11520,-0.04464285714285765
11521,-0.04464285714285765
11522,-0.04464285714285765
11523,-0.0267857142857153
11524,-0.035714285714286476
11525,-0.0267857142857153
11526,-0.035714285714286476
11527,-0.035714285714286476
11528,-0.035714285714286476
11529,-0.0267857142857153
11530,-0.017857142857143238
11531,-0.017857142857143238
11532,-0.035714285714286476
11533,-0.053571428571428825
11534,-0.04464285714285765
11535,-0.0267857142857153
11536,-0.017857142857143238
11537,-0.008928571428572063
11538,-0.008928571428572063
11539,-0.017857142857143238
11540,-0.008928571428572063
11541,-0.008928571428572063
11542,-0.008928571428572063
11543,-0.017857142857143238
11544,-0.035714285714286476
11545,-0.04464285714285765
11546,-0.053571428571428825
11547,-0.06250000000000089
11548,-0.04464285714285765
11549,-0.04464285714285765
11550,-0.06250000000000089
11551,-0.07142857142857206
11552,-0.053571428571428825
11553,-0.017857142857143238
11554,-0.017857142857143238
11555,-0.04464285714285765
11556,-0.07142857142857206
11557,-0.08035714285714324
11558,-0.06250000000000089
11559,-0.04464285714285765
11560,-0.053571428571428825
11561,-0.0892857142857153
11562,-0.10714285714285765
11563,-0.09821428571428648
11564,-0.07142857142857206
11565,-0.053571428571428825
11566,-0.07142857142857206
11567,-0.0892857142857153
11568,-0.10714285714285765
11569,-0.11607142857142883
11570,-0.09821428571428648
11571,-0.08035714285714324
11572,-0.06250000000000089
11573,-0.08035714285714324
11574,-0.08035714285714324
11575,-0.10714285714285765
11576,-0.10714285714285765
11577,-0.09821428571428648
11578,-0.0892857142857153
11579,-0.10714285714285765
11580,-0.11607142857142883
11581,-0.1250000000000009
11582,-0.11607142857142883
11583,-0.08035714285714324
11584,-0.08035714285714324
11585,-0.0892857142857153
11586,-0.10714285714285765
11587,-0.1250000000000009
11588,-0.13392857142857206
11589,-0.1250000000000009
11590,-0.11607142857142883
11591,-0.10714285714285765
11592,-0.0892857142857153
11593,-0.09821428571428648
11594,-0.10714285714285765
11595,-0.09821428571428648
11596,-0.11607142857142883
11597,-0.14285714285714324
11598,-0.14285714285714324
11599,-0.1250000000000009
11600,-0.08035714285714324
11601,-0.07142857142857206
11602,-0.08035714285714324
11603,-0.09821428571428648
11604,-0.09821428571428648
11605,-0.10714285714285765
11606,-0.11607142857142883
11607,-0.11607142857142883
11608,-0.11607142857142883
11609,-0.1250000000000009
11610,-0.13392857142857206
11611,-0.14285714285714324
11612,-0.1250000000000009
11613,-0.13392857142857206
11614,-0.13392857142857206
11615,-0.1517857142857153
11616,-0.13392857142857206
11617,-0.14285714285714324
11618,-0.13392857142857206
11619,-0.14285714285714324
11620,-0.14285714285714324
11621,-0.14285714285714324
11622,-0.13392857142857206
11623,-0.1517857142857153
11624,-0.1517857142857153
11625,-0.1517857142857153
11626,-0.1517857142857153
11627,-0.1517857142857153
11628,-0.16071428571428648
11629,-0.16964285714285765
11630,-0.16964285714285765
11631,-0.16071428571428648
11632,-0.16964285714285765
11633,-0.17857142857142883
11634,-0.19642857142857206
11635,-0.1875000000000009
11636,-0.1875000000000009
11637,-0.17857142857142883
11638,-0.1875000000000009
11639,-0.19642857142857206
11640,-0.20535714285714324
11641,-0.19642857142857206
11642,-0.19642857142857206
11643,-0.1875000000000009
11644,-0.17857142857142883
11645,-0.16964285714285765
11646,-0.16964285714285765
11647,-0.19642857142857206
11648,-0.17857142857142883
11649,-0.17857142857142883
11650,-0.16071428571428648
11651,-0.1517857142857153
11652,-0.17857142857142883
11653,-0.17857142857142883
11654,-0.1875000000000009
11655,-0.16964285714285765
11656,-0.16071428571428648
11657,-0.16071428571428648
11658,-0.16071428571428648
11659,-0.16071428571428648
11660,-0.13392857142857206
11661,-0.13392857142857206
11662,-0.14285714285714324
11663,-0.16071428571428648
11664,-0.17857142857142883
11665,-0.19642857142857206
11666,-0.16964285714285765
11667,-0.16964285714285765
11668,-0.16071428571428648
11669,-0.16071428571428648
11670,-0.16964285714285765
11671,-0.1517857142857153
11672,-0.1517857142857153
11673,-0.1250000000000009
11674,-0.13392857142857206
11675,-0.13392857142857206
11676,-0.14285714285714324
11677,-0.14285714285714324
11678,-0.14285714285714324
11679,-0.1250000000000009
11680,-0.1250000000000009
11681,-0.13392857142857206
11682,-0.13392857142857206
11683,-0.1517857142857153
11684,-0.13392857142857206
11685,-0.13392857142857206
11686,-0.1250000000000009
11687,-0.13392857142857206
11688,-0.1517857142857153
11689,-0.1517857142857153
11690,-0.1517857142857153
11691,-0.1250000000000009
11692,-0.09821428571428648
11693,-0.0892857142857153
11694,-0.10714285714285765
11695,-0.1250000000000009
11696,-0.1250000000000009
11697,-0.11607142857142883
11698,-0.1250000000000009
11699,-0.13392857142857206
11700,-0.1517857142857153
11701,-0.14285714285714324
11702,-0.1250000000000009
11703,-0.10714285714285765
11704,-0.10714285714285765
11705,-0.1250000000000009
11706,-0.14285714285714324
11707,-0.1517857142857153
11708,-0.1517857142857153
11709,-0.13392857142857206
11710,-0.14285714285714324
11711,-0.1250000000000009
11712,-0.13392857142857206
11713,-0.11607142857142883
11714,-0.10714285714285765
11715,-0.10714285714285765
11716,-0.1250000000000009
11717,-0.13392857142857206
11718,-0.13392857142857206
11719,-0.1250000000000009
11720,-0.10714285714285765
11721,-0.08035714285714324
11722,-0.08035714285714324
11723,-0.10714285714285765
11724,-0.1250000000000009
11725,-0.1250000000000009
11726,-0.09821428571428648
11727,-0.06250000000000089
11728,-0.035714285714286476
11729,-0.053571428571428825
11730,-0.04464285714285765
11731,-0.053571428571428825
11732,-0.053571428571428825
11733,-0.0267857142857153
11734,-8.881784197001252e-16
11735,-8.881784197001252e-16
11736,-8.881784197001252e-16
11737,0.008928571428571175
11738,0.0357142857142847
11739,0.06249999999999911
11740,0.06249999999999911
11741,0.06249999999999911
11742,0.05357142857142794
11743,0.04464285714285676
11744,0.05357142857142794
11745,0.08928571428571352
11746,0.10714285714285676
11747,0.10714285714285676
11748,0.08928571428571352
11749,0.05357142857142794
11750,-8.881784197001252e-16
11751,-0.008928571428572063
11752,-0.04464285714285765
11753,-0.0892857142857153
11754,-0.1250000000000009
11755,-0.16071428571428648
11756,-0.17857142857142883
11757,-0.16964285714285765
11758,-0.16964285714285765
11759,-0.16964285714285765
11760,-0.16071428571428648
11761,-0.1517857142857153
11762,-0.16071428571428648
11763,-0.17857142857142883
11764,-0.1875000000000009
11765,-0.1875000000000009
11766,-0.17857142857142883
11767,-0.16964285714285765
11768,-0.17857142857142883
11769,-0.16964285714285765
11770,-0.1875000000000009
11771,-0.17857142857142883
11772,-0.1875000000000009
11773,-0.1875000000000009
11774,-0.16071428571428648
11775,-0.14285714285714324
11776,-0.1517857142857153
11777,-0.16964285714285765
11778,-0.17857142857142883
11779,-0.1875000000000009
11780,-0.1875000000000009
11781,-0.17857142857142883
11782,-0.17857142857142883
11783,-0.17857142857142883
11784,-0.16964285714285765
11785,-0.17857142857142883
11786,-0.16964285714285765
11787,-0.16071428571428648
11788,-0.16964285714285765
11789,-0.16071428571428648
11790,-0.14285714285714324
11791,-0.14285714285714324
11792,-0.16964285714285765
11793,-0.17857142857142883
11794,-0.19642857142857206
11795,-0.1875000000000009
11796,-0.1875000000000009
11797,-0.16071428571428648
11798,-0.16071428571428648
11799,-0.1517857142857153
11800,-0.16964285714285765
11801,-0.2142857142857153
11802,-0.29464285714285765
11803,-0.3660714285714288
11804,-0.38392857142857206
11805,-0.38392857142857206
11806,-0.39285714285714324
11807,-0.39285714285714324
11808,-0.4375000000000009
11809,-0.5089285714285721
11810,-0.5535714285714293
11811,-0.5625000000000004
11812,-0.5982142857142865
11813,-0.6339285714285721
11814,-0.6785714285714293
11815,-0.7232142857142865
11816,-0.7321428571428577
11817,-0.7410714285714293
11818,-0.7500000000000004
11819,-0.7589285714285721
11820,-0.7232142857142865
11821,-0.6875000000000004
11822,-0.6428571428571437
11823,-0.6071428571428577
11824,-0.5535714285714293
11825,-0.48214285714285765
11826,-0.41964285714285765
11827,-0.39285714285714324
11828,-0.3392857142857153
11829,-0.26785714285714324
11830,-0.22321428571428648
11831,-0.19642857142857206
11832,-0.1875000000000009
11833,-0.16964285714285765
11834,-0.14285714285714324
11835,-0.10714285714285765
11836,-0.0892857142857153
11837,-0.08035714285714324
11838,-0.09821428571428648
11839,-0.11607142857142883
11840,-0.11607142857142883
11841,-0.0892857142857153
11842,-0.0892857142857153
11843,-0.0892857142857153
11844,-0.09821428571428648
11845,-0.10714285714285765
11846,-0.08035714285714324
11847,-0.0892857142857153
11848,-0.08035714285714324
11849,-0.0892857142857153
11850,-0.07142857142857206
11851,-0.08035714285714324
11852,-0.07142857142857206
11853,-0.07142857142857206
11854,-0.08035714285714324
11855,-0.0892857142857153
11856,-0.0892857142857153
11857,-0.08035714285714324
11858,-0.06250000000000089
11859,-0.035714285714286476
11860,-0.053571428571428825
11861,-0.07142857142857206
11862,-0.08035714285714324
11863,-0.08035714285714324
11864,-0.07142857142857206
11865,-0.053571428571428825
11866,-0.04464285714285765
11867,-0.04464285714285765
11868,-0.053571428571428825
11869,-0.07142857142857206
11870,-0.04464285714285765
11871,-0.035714285714286476
11872,-0.04464285714285765
11873,-0.053571428571428825
11874,-0.035714285714286476
11875,-0.04464285714285765
11876,-0.04464285714285765
11877,-0.008928571428572063
11878,-8.881784197001252e-16
11879,-8.881784197001252e-16
11880,-0.017857142857143238
11881,-0.017857142857143238
11882,-0.008928571428572063
11883,0.01785714285714235
11884,0.01785714285714235
11885,0.01785714285714235
11886,0.008928571428571175
11887,0.01785714285714235
11888,0.01785714285714235
11889,0.026785714285713524
11890,0.026785714285713524
11891,0.01785714285714235
11892,0.026785714285713524
11893,0.026785714285713524
11894,0.0357142857142847
11895,0.0357142857142847
11896,0.0357142857142847
11897,0.01785714285714235
11898,0.01785714285714235
11899,-8.881784197001252e-16
11900,-8.881784197001252e-16
11901,0.026785714285713524
11902,0.0357142857142847
11903,0.04464285714285676
11904,0.05357142857142794
11905,0.0357142857142847
11906,0.026785714285713524
11907,0.0357142857142847
11908,0.0357142857142847
11909,0.0357142857142847
11910,0.026785714285713524
11911,0.01785714285714235
11912,0.01785714285714235
11913,0.026785714285713524
11914,0.026785714285713524
11915,0.008928571428571175
11916,0.008928571428571175
11917,-8.881784197001252e-16
11918,-0.008928571428572063
11919,-0.008928571428572063
11920,-0.017857142857143238
11921,-0.008928571428572063
11922,-0.017857142857143238
11923,-0.04464285714285765
11924,-0.053571428571428825
11925,-0.04464285714285765
11926,-0.07142857142857206
11927,-0.06250000000000089
11928,-0.08035714285714324
11929,-0.07142857142857206
11930,-0.07142857142857206
11931,-0.07142857142857206
11932,-0.08035714285714324
11933,-0.09821428571428648
11934,-0.10714285714285765
11935,-0.10714285714285765
11936,-0.09821428571428648
11937,-0.0892857142857153
11938,-0.0892857142857153
11939,-0.0892857142857153
11940,-0.09821428571428648
11941,-0.10714285714285765
11942,-0.09821428571428648
11943,-0.0892857142857153
11944,-0.0892857142857153
11945,-0.10714285714285765
11946,-0.11607142857142883
11947,-0.11607142857142883
11948,-0.11607142857142883
11949,-0.0892857142857153
11950,-0.0892857142857153
11951,-0.09821428571428648
11952,-0.11607142857142883
11953,-0.13392857142857206
11954,-0.13392857142857206
11955,-0.11607142857142883
11956,-0.09821428571428648
11957,-0.10714285714285765
11958,-0.10714285714285765
11959,-0.1250000000000009
11960,-0.11607142857142883
11961,-0.11607142857142883
11962,-0.1250000000000009
11963,-0.11607142857142883
11964,-0.11607142857142883
11965,-0.13392857142857206
11966,-0.13392857142857206
11967,-0.13392857142857206
11968,-0.11607142857142883
11969,-0.11607142857142883
11970,-0.11607142857142883
11971,-0.13392857142857206
11972,-0.13392857142857206
11973,-0.1250000000000009
11974,-0.1250000000000009
11975,-0.13392857142857206
11976,-0.13392857142857206
11977,-0.13392857142857206
11978,-0.14285714285714324
11979,-0.14285714285714324
11980,-0.1517857142857153
11981,-0.16071428571428648
11982,-0.16071428571428648
11983,-0.17857142857142883
11984,-0.16071428571428648
11985,-0.13392857142857206
11986,-0.14285714285714324
11987,-0.13392857142857206
11988,-0.13392857142857206
11989,-0.14285714285714324
11990,-0.1517857142857153
11991,-0.16071428571428648
11992,-0.16071428571428648
11993,-0.16964285714285765
11994,-0.1875000000000009
11995,-0.19642857142857206
11996,-0.17857142857142883
11997,-0.16071428571428648
11998,-0.14285714285714324
11999,-0.1517857142857153
